{
  "cards": [
    {
      "title": "How To Make Flyer Design",
      "description": "Lorem Ipsum Dolor Sit Amet, Consec Adipiscing Elit Awd And Lorem Ipsum...",
      "technologies": [
        "Typescript",
        "ReactJs",
        "NextJs",
        "CSS",
        "HTML",
        "MongoDB"
      ],
      "image": "https://s3-alpha-sig.figma.com/img/1bcd/fe17/0dafd03720d5387f83eb16ada96823c4?Expires=1724630400&Key-Pair-Id=APKAQ4GOSFWCVNEHN3O4&Signature=nHBIh5FOXtXonkaMRyZ12doZjswDG6A7mXsGSnocCwpnapg99W-~YrYDty4rrnGVuCQwXvtVeFjUf94ZHOyzJKrgd1bnhX1eoKfNaMWENEN7pf3r3iURt8lIaZyFG9ZmcetWYEUfBht5Nayfo9immt0uas-hNyqDQ0yyw5img6~tTPFZEwzc4gyxzDHpUsjlNeJPY5-0hIo2M2ROLW7GsiAkcMT6MmUSrYL6p8WYER39iQnH7MvuQcZZgKM4mGcGfSLg8hHGko5tOZxI4FWDS~HO-HnqYmMMh8AtImk~Vvu0I7r~btCL~SStM10Tk-MfQES3Wf6Rkv4G6IKwEMOIew__"
    },
    {
      "title": "Another Project",
      "description": "Lorem Ipsum Dolor Sit Amet, Consec Adipiscing Elit Awd And Lorem Ipsum...",
      "technologies": [
        "React",
        "Tailwind",
        "Node.js",
        "ReactJs",
        "NextJs",
        "CSS"
      ],
      "image": "https://s3-alpha-sig.figma.com/img/91ec/7671/8be0c7e308ed892813c8c5ad5315f6a8?Expires=1724630400&Key-Pair-Id=APKAQ4GOSFWCVNEHN3O4&Signature=WitdSHlZYqIA88feQI1QtyIDmyggBODnMJG~sEyP~WZ50TeyL8VW7IcSaqh1AwERbgm7HjFs1iqd7FvPiYqikgoeSNC2Suh7IJIYWgNoed1jYRD3BERt8C8~-Bk~baHf~en1u~j-6GF30OKztHC1z7lVEXSopRsP2Z9eS-5tpCZaExAgItuM~RE79hTt~fw9AarOd~8yz0Rc48mWpE4kwZ5CiNPp3iU71R7vJYWyp8AdcXhrNhx60lXM3jUJkJg15BCusITqkpuUOCeaO8frJTgMTPO81cXoYd2SobYKw3mjIDCtDb1tRC9cFGh3Q7VlD3ltXhmRpDtzybicjw9W-g__"
    },
    {
      "title": "Design Project",
      "description": "Lorem Ipsum Dolor Sit Amet, Consec Adipiscing Elit Awd And Lorem Ipsum...",
      "technologies": [
        "Figma",
        "ReactJs",
        "NextJs",
        "CSS",
        "Sketch",
        "Photoshop"
      ],
      "image": "https://s3-alpha-sig.figma.com/img/e6b1/5f59/f18253f43e4b9a62fcb96b116cf40d02?Expires=1724630400&Key-Pair-Id=APKAQ4GOSFWCVNEHN3O4&Signature=YuTTZzP2Egh4vgNHlAqF~ZjmE8G0jm4WWnG2iOdBxKfz1MNFg9ZPQjbMKYe96Wzikcvm6kM8J6wVzrqrKYf9CQHma3syYOegC~lNdrzHEIyqoAannqr75426Ioi3jFHhnXyTdUaO13HPzxga0zfbiCnVUTF7toOnXRE5lpae3TDadDVKB6sk2Q3TpK4qleQ2aA2PcyMbGEWA-uaJrwi9OmCKUnDY0LmKh~16hZizho0o8dN0fY9aT2O6Aot0D8wW4ozPT9WbjWknrzNgRc4gseh83B1hV6fPz1d-VWTixn7mARfRaloplUk0ogJ78tvLnLC3nqrlNF3OoTCFfeiDuA__"
    },
    {
      "title": "How To Make Flyer Design",
      "description": "Lorem Ipsum Dolor Sit Amet, Consec Adipiscing Elit Awd And Lorem Ipsum...",
      "technologies": [
        "Typescript",
        "ReactJs",
        "NextJs",
        "CSS",
        "HTML",
        "MongoDB"
      ],
      "image": "https://s3-alpha-sig.figma.com/img/1bcd/fe17/0dafd03720d5387f83eb16ada96823c4?Expires=1724630400&Key-Pair-Id=APKAQ4GOSFWCVNEHN3O4&Signature=nHBIh5FOXtXonkaMRyZ12doZjswDG6A7mXsGSnocCwpnapg99W-~YrYDty4rrnGVuCQwXvtVeFjUf94ZHOyzJKrgd1bnhX1eoKfNaMWENEN7pf3r3iURt8lIaZyFG9ZmcetWYEUfBht5Nayfo9immt0uas-hNyqDQ0yyw5img6~tTPFZEwzc4gyxzDHpUsjlNeJPY5-0hIo2M2ROLW7GsiAkcMT6MmUSrYL6p8WYER39iQnH7MvuQcZZgKM4mGcGfSLg8hHGko5tOZxI4FWDS~HO-HnqYmMMh8AtImk~Vvu0I7r~btCL~SStM10Tk-MfQES3Wf6Rkv4G6IKwEMOIew__"
    },
    {
      "title": "Another Project",
      "description": "Lorem Ipsum Dolor Sit Amet, Consec Adipiscing Elit Awd And Lorem Ipsum...",
      "technologies": [
        "React",
        "Tailwind",
        "Node.js",
        "ReactJs",
        "NextJs",
        "CSS"
      ],
      "image": "https://s3-alpha-sig.figma.com/img/91ec/7671/8be0c7e308ed892813c8c5ad5315f6a8?Expires=1724630400&Key-Pair-Id=APKAQ4GOSFWCVNEHN3O4&Signature=WitdSHlZYqIA88feQI1QtyIDmyggBODnMJG~sEyP~WZ50TeyL8VW7IcSaqh1AwERbgm7HjFs1iqd7FvPiYqikgoeSNC2Suh7IJIYWgNoed1jYRD3BERt8C8~-Bk~baHf~en1u~j-6GF30OKztHC1z7lVEXSopRsP2Z9eS-5tpCZaExAgItuM~RE79hTt~fw9AarOd~8yz0Rc48mWpE4kwZ5CiNPp3iU71R7vJYWyp8AdcXhrNhx60lXM3jUJkJg15BCusITqkpuUOCeaO8frJTgMTPO81cXoYd2SobYKw3mjIDCtDb1tRC9cFGh3Q7VlD3ltXhmRpDtzybicjw9W-g__"
    },
    {
      "title": "Design Project",
      "description": "Lorem Ipsum Dolor Sit Amet, Consec Adipiscing Elit Awd And Lorem Ipsum...",
      "technologies": [
        "Figma",
        "ReactJs",
        "NextJs",
        "CSS",
        "Sketch",
        "Photoshop"
      ],
      "image": "https://s3-alpha-sig.figma.com/img/e6b1/5f59/f18253f43e4b9a62fcb96b116cf40d02?Expires=1724630400&Key-Pair-Id=APKAQ4GOSFWCVNEHN3O4&Signature=YuTTZzP2Egh4vgNHlAqF~ZjmE8G0jm4WWnG2iOdBxKfz1MNFg9ZPQjbMKYe96Wzikcvm6kM8J6wVzrqrKYf9CQHma3syYOegC~lNdrzHEIyqoAannqr75426Ioi3jFHhnXyTdUaO13HPzxga0zfbiCnVUTF7toOnXRE5lpae3TDadDVKB6sk2Q3TpK4qleQ2aA2PcyMbGEWA-uaJrwi9OmCKUnDY0LmKh~16hZizho0o8dN0fY9aT2O6Aot0D8wW4ozPT9WbjWknrzNgRc4gseh83B1hV6fPz1d-VWTixn7mARfRaloplUk0ogJ78tvLnLC3nqrlNF3OoTCFfeiDuA__"
    }
  ],
  "reviews": [
    {
      "name": "John Doe",
      "title": "Great Experience",
      "review": "I had an amazing experience with this product. The quality is top-notch, and the customer service was excellent!",
      "rating": 5,
      "image": "https://s3-alpha-sig.figma.com/img/2594/5296/92d6754ca6af172384e27460243daab5?Expires=1724630400&Key-Pair-Id=APKAQ4GOSFWCVNEHN3O4&Signature=MtKTZiTTKv~drH61dQlA2QPtbAsQDfF~wsyOVPbbbsbtZ7ICc3OoEB70PiT-gLLpKKlWoEAKv7NDNffVJnZB5wz27S2kr7v7JtmzuCSR1PMLC4lvvF5s3BDK3foRh8RAA0Q0xqRDX13jy9QkMqfrIpVYcMykWOUZQBtj0ua4qhi3wWlEJ-9geJqHTxT6zF7H-mU0SlK2ePw9Djk~jEGkCmq46SiaZNZuOXD392SmV~f8c5ui0RYJ8PHJieBY~v2zi67U1EInqe4qRcin2blY7tlxEBtbwzMPPzXCvpTATKZLCkHzrC4deHNz8aKjViq~abSiVKm1~NPDFX125Ab8lg__"
    },
    {
      "name": "Emily Johnson",
      "title": "Not satisfied",
      "review": "Unfortunately, the product did not meet my expectations. It has some serious flaws that need to be addressed.",
      "rating": 2,
      "image": "https://s3-alpha-sig.figma.com/img/0da4/8f48/217726cd1ea2309493e1aee27c46eb49?Expires=1724630400&Key-Pair-Id=APKAQ4GOSFWCVNEHN3O4&Signature=Vxu5XDsZHnUav8NNDGX~IhrZkGh~nrfh8NuBqCIsOdEWpNh-vpL2ZzQ3H0hmCUlpRhcx4FlaJJMfLxmAb2zXlVrdENpNAlvjBpY84SPs4Q4CVvB1pO4DEEWz~bJiN8OoKNBBcSEP6Srnlp7FSwEd0-~WrsyvSrTTfAKUYNMTGN06Huocnf0Ft0MTXnxyL1blVnweY46uDIPiSNh2WoNU5-p2954NrCYbp3ZDpmpVlVKz4ul0F-AF3U-9jiFjJhrA9RZ6C6oWKpt6x-Y7e1QKWGSSDPcAP7v~52HfVycSd19T6KUI9pHWoSoP6ktSQM82OwYU83CKgcVCtExGn4nUqQ__"
    },
    {
      "name": "Jane Smith",
      "title": "Good, but could be better",
      "review": "The product is good overall, but I found some minor issues with its functionality. Still, a decent purchase.",
      "rating": 4,
      "image": "https://s3-alpha-sig.figma.com/img/815f/1733/f05a676c392c0b499c379a1c0aa10c00?Expires=1724630400&Key-Pair-Id=APKAQ4GOSFWCVNEHN3O4&Signature=OJoAJxj-AXLgvv7F3TjWXRdrgSvHJji7jwTh~vWsLyEDTm3dqwhFyK0OTbMpFObRP4FBei2oD1w7CH33WCSJ8XOb87mP~5qjAAAl96Bd3R~obO-v8sXCafxd6F2C4LiSoCAH~PK5WlsdDNuqJCQwmmkIPPfSRXL4D8R9qHvYjW~3ARUXqicNnUc~f6YEdcCAptJ3bcnMv2CERQsd4~zj4W-rxzuph8AumPZKrpDdVmp3UKmKhauQ3H8XkRI78Fl8klpvYiC8AtHOYNFz2ipTkNIdPyJn8TJmvmXQUjPAgBHXw8zh9DYcd3DtnXnwybGTegfJ3CLw5zphddMq4hmS5Q__"
    },
    {
      "name": "John Doe",
      "title": "Great Experience",
      "review": "I had an amazing experience with this product. The quality is top-notch, and the customer service was excellent!",
      "rating": 5,
      "image": "https://s3-alpha-sig.figma.com/img/2594/5296/92d6754ca6af172384e27460243daab5?Expires=1724630400&Key-Pair-Id=APKAQ4GOSFWCVNEHN3O4&Signature=MtKTZiTTKv~drH61dQlA2QPtbAsQDfF~wsyOVPbbbsbtZ7ICc3OoEB70PiT-gLLpKKlWoEAKv7NDNffVJnZB5wz27S2kr7v7JtmzuCSR1PMLC4lvvF5s3BDK3foRh8RAA0Q0xqRDX13jy9QkMqfrIpVYcMykWOUZQBtj0ua4qhi3wWlEJ-9geJqHTxT6zF7H-mU0SlK2ePw9Djk~jEGkCmq46SiaZNZuOXD392SmV~f8c5ui0RYJ8PHJieBY~v2zi67U1EInqe4qRcin2blY7tlxEBtbwzMPPzXCvpTATKZLCkHzrC4deHNz8aKjViq~abSiVKm1~NPDFX125Ab8lg__"
    },
    {
      "name": "Emily Johnson",
      "title": "Not satisfied",
      "review": "Unfortunately, the product did not meet my expectations. It has some serious flaws that need to be addressed.",
      "rating": 2,
      "image": "https://s3-alpha-sig.figma.com/img/0da4/8f48/217726cd1ea2309493e1aee27c46eb49?Expires=1724630400&Key-Pair-Id=APKAQ4GOSFWCVNEHN3O4&Signature=Vxu5XDsZHnUav8NNDGX~IhrZkGh~nrfh8NuBqCIsOdEWpNh-vpL2ZzQ3H0hmCUlpRhcx4FlaJJMfLxmAb2zXlVrdENpNAlvjBpY84SPs4Q4CVvB1pO4DEEWz~bJiN8OoKNBBcSEP6Srnlp7FSwEd0-~WrsyvSrTTfAKUYNMTGN06Huocnf0Ft0MTXnxyL1blVnweY46uDIPiSNh2WoNU5-p2954NrCYbp3ZDpmpVlVKz4ul0F-AF3U-9jiFjJhrA9RZ6C6oWKpt6x-Y7e1QKWGSSDPcAP7v~52HfVycSd19T6KUI9pHWoSoP6ktSQM82OwYU83CKgcVCtExGn4nUqQ__"
    }
  ],
  "contacts": [
    {
      "id": "e1cb",
      "fullName": "demo",
      "email": "demo11@gmail.com",
      "subject": "sample test",
      "message": "just a sample message"
    }
  ],
  "skillsData": [
    {
      "id": "7a7d",
      "domain": "Front End Development",
      "skills": [
        {
          "name": "c++",
          "proficiency": "70%"
        },
        {
          "name": "java",
          "proficiency": "80%"
        },
        {
          "name": "python",
          "proficiency": "90%"
        },
        {
          "name": "mongoDb",
          "proficiency": "95%"
        },
        {
          "name": "git",
          "proficiency": "80%"
        }
      ]
    },
    {
      "id": "7a7d",
      "domain": "Flutter",
      "skills": [
        {
          "name": "c++",
          "proficiency": "70%"
        },
        {
          "name": "java",
          "proficiency": "80%"
        },
        {
          "name": "python",
          "proficiency": "90%"
        },
        {
          "name": "mongoDb",
          "proficiency": "95%"
        },
        {
          "name": "git",
          "proficiency": "80%"
        }
      ]
    },
    {
      "id": "7a7d",
      "domain": "Cloud",
      "skills": [
        {
          "name": "c++",
          "proficiency": "70%"
        },
        {
          "name": "java",
          "proficiency": "80%"
        },
        {
          "name": "python",
          "proficiency": "90%"
        },
        {
          "name": "mongoDb",
          "proficiency": "95%"
        },
        {
          "name": "git",
          "proficiency": "80%"
        }
      ]
    },
    {
      "id": "415a",
      "domain": "Pega",
      "skills": [
        {
          "name": "ddsd",
          "proficiency": "66%"
        },
        {
          "name": "hhh",
          "proficiency": "88%"
        },
        {
          "name": "hhh",
          "proficiency": "55%"
        },
        {
          "name": "jjj",
          "proficiency": "80%"
        },
        {
          "name": "bhjb",
          "proficiency": "23%"
        }
      ]
    }
  ]
}